<?xml version="1.0" encoding="utf-8"?>
<odoo>
    <record id="uae_chart_template_standard" model="account.chart.template">
        <field name="property_account_receivable_id" ref="uae_account_102011"/>
        <field name="property_account_payable_id" ref="uae_account_201002"/>
        <field name="property_account_expense_categ_id" ref="uae_account_400001"/>
        <field name="property_account_income_categ_id" ref="uae_account_500001"/>
        <field name="expense_currency_exchange_account_id" ref="uae_account_400053"/>
        <field name="income_currency_exchange_account_id" ref="uae_account_500011"/>
        <field name="default_pos_receivable_account_id" ref="uae_account_102012"/>
        <field name="account_journal_early_pay_discount_loss_account_id" ref="uae_account_400071"/>
        <field name="account_journal_early_pay_discount_gain_account_id" ref="uae_account_500014"/>
        <field name="property_tax_payable_account_id" ref="uae_account_202003"/>
        <field name="property_tax_receivable_account_id" ref="uae_account_100103"/>
    </record>
</odoo>
